account_id,customer,street_address,town
A-901,ACME Corporation,123 Main St Ste 4,Springfield
A-902,Blue Bottle Coffee,660 Market St,Riverton
A-903,Smith and Sons Limited,47 Elm Ave,Riverton
A-904,Northwind Trading,1 Harbour Blvd,Portside
A-905,Hilltop Bakery,78 Oak Ln,Springfield
A-906,OBrien Consulting,12 Church Rd,Portside
A-907,Cafe Aurora,900 5th Ave,Riverton
A-908,Gustafson Logistics,300 Industrial Pkwy,Portside
A-909,Pinewood Analytica,2201 Cedar Ct,Springfield
A-910,Kings Cross Hardware,88 Station Road,Riverton
A-911,Delta Freight Line Inc,404 Dockside Dr,Portside
